product_category,customer_segment,sales,discount
A,X,440424.0,0.14799353737493495
A,Y,462462.0,0.14720105328874009
A,Z,477572.0,0.14632054170423478
B,X,442252.0,0.14814514089811212
B,Y,458014.0,0.15060108004571043
B,Z,447916.0,0.14981323673927324
C,X,483316.0,0.14647353344628883
C,Y,427770.0,0.14983365440367952
C,Z,442071.0,0.1479192763166747
D,X,443735.0,0.1486228556678991
D,Y,454568.0,0.15519420434553594
D,Z,446105.0,0.14875863936206568
